{"name": "T: 2.0K H: 800.0Oe ac_800a", "df": "{\"Temperature\":{\"5\":1.9998437166,\"11\":1.999697268,\"2\":2.0000296831,\"3\":2.000010252,\"4\":1.9998476505,\"8\":1.9997714758,\"1\":2.0000326633,\"0\":2.0002986789,\"6\":1.9998255372,\"14\":1.9996237159,\"12\":1.9996797442,\"19\":1.999533236,\"17\":1.9995925426,\"24\":1.9991935492,\"20\":1.9994343519,\"9\":1.9997480512,\"26\":1.9990864992,\"16\":1.9996171594,\"7\":1.9998090267,\"18\":1.9995601773,\"15\":1.999617517,\"21\":1.9994306564,\"13\":1.9996373653,\"10\":1.999722302,\"22\":1.9994142056,\"25\":1.9991539121,\"23\":1.999252677,\"27\":1.9990677238},\"MagneticField\":{\"5\":800.1201171875,\"11\":800.1201171875,\"2\":800.1201171875,\"3\":800.1201171875,\"4\":800.1201171875,\"8\":800.1201171875,\"1\":800.1201171875,\"0\":800.1201171875,\"6\":800.1201171875,\"14\":800.1201171875,\"12\":800.1201171875,\"19\":800.1201171875,\"17\":800.1201171875,\"24\":800.1201171875,\"20\":800.1201171875,\"9\":800.1201171875,\"26\":800.1201171875,\"16\":800.1201171875,\"7\":800.1201171875,\"18\":800.1201171875,\"15\":800.1201171875,\"21\":800.1201171875,\"13\":800.1201171875,\"10\":800.1201171875,\"22\":800.1201171875,\"25\":800.1201171875,\"23\":800.1201171875,\"27\":800.1201171875},\"ChiPrime\":{\"5\":0.0000067051,\"11\":0.0000067607,\"2\":0.0000066738,\"3\":0.0000066922,\"4\":0.0000067916,\"8\":0.0000066554,\"1\":0.000006664,\"0\":0.0000066348,\"6\":0.0000066482,\"14\":0.0000065991,\"12\":0.0000065544,\"19\":0.0000064451,\"17\":0.000006344,\"24\":0.0000061749,\"20\":0.0000059325,\"9\":0.0000056238,\"26\":0.0000052884,\"16\":0.0000049009,\"7\":0.0000044904,\"18\":0.0000040848,\"15\":0.0000036925,\"21\":0.0000033207,\"13\":0.0000029834,\"10\":0.0000026645,\"22\":0.0000024013,\"25\":0.0000021459,\"23\":0.0000018969,\"27\":0.0000016161},\"ChiBis\":{\"5\":0.0000001095,\"11\":0.0000000688,\"2\":0.0000001248,\"3\":0.000000183,\"4\":0.0000002059,\"8\":0.0000002832,\"1\":0.0000003445,\"0\":0.0000003632,\"6\":0.000000478,\"14\":0.0000005726,\"12\":0.0000006911,\"19\":0.0000008681,\"17\":0.0000010351,\"24\":0.0000012282,\"20\":0.000001438,\"9\":0.0000016314,\"26\":0.0000018052,\"16\":0.0000019239,\"7\":0.000001985,\"18\":0.0000020082,\"15\":0.0000019569,\"21\":0.0000018747,\"13\":0.0000017584,\"10\":0.0000016322,\"22\":0.0000015156,\"25\":0.0000013813,\"23\":0.0000012368,\"27\":0.0000010406},\"Frequency\":{\"5\":1.0005763769,\"11\":1.3008345366,\"2\":1.7010914087,\"3\":2.2018454075,\"4\":2.7997777462,\"8\":3.5987710953,\"1\":4.6379299164,\"0\":5.9955949783,\"6\":7.745578289,\"14\":10.0057630539,\"12\":12.9311771393,\"19\":16.6762714386,\"17\":21.5291557312,\"24\":27.8064498901,\"20\":35.9030342102,\"9\":46.41456604,\"26\":59.9854125977,\"16\":77.5049591064,\"7\":100.0576400757,\"18\":129.1749267578,\"15\":166.9337615967,\"21\":215.5767211914,\"13\":278.2229309082,\"10\":359.6915283203,\"22\":463.925201416,\"25\":600.0383911133,\"23\":775.049621582,\"27\":999.0409545898},\"ChiPrimeMol\":{\"5\":0.558755242,\"11\":0.5633876156,\"2\":0.556152918,\"3\":0.5576867246,\"4\":0.5659638628,\"8\":0.5546190939,\"1\":0.5553359763,\"0\":0.5528979973,\"6\":0.5540179994,\"14\":0.5499279558,\"12\":0.5462014073,\"19\":0.5370891365,\"17\":0.5286642288,\"24\":0.5145787046,\"20\":0.4943745028,\"9\":0.4686511682,\"26\":0.4407015836,\"16\":0.4084049836,\"7\":0.3741974067,\"18\":0.3404013466,\"15\":0.3077060037,\"21\":0.2767259003,\"13\":0.2486138678,\"10\":0.2220408012,\"22\":0.2001053853,\"25\":0.1788226564,\"23\":0.1580733589,\"27\":0.1346758447},\"ChiBisMol\":{\"5\":0.0091282908,\"11\":0.0057367805,\"2\":0.0103996857,\"3\":0.0152540243,\"4\":0.0171546082,\"8\":0.0236003174,\"1\":0.028705372,\"0\":0.030270662,\"6\":0.03983669,\"14\":0.047717121,\"12\":0.0575915039,\"19\":0.0723403562,\"17\":0.0862602997,\"24\":0.1023526785,\"20\":0.1198351502,\"9\":0.1359459732,\"26\":0.1504361152,\"16\":0.1603257529,\"7\":0.1654185254,\"18\":0.1673500341,\"15\":0.1630780656,\"21\":0.1562258878,\"13\":0.146529485,\"10\":0.1360163882,\"22\":0.1262987238,\"25\":0.1151068388,\"23\":0.1030678892,\"27\":0.0867201833},\"Omega\":{\"5\":6.2868067901,\"11\":8.1733844471,\"2\":10.6882725455,\"3\":13.834602713,\"4\":17.5915223983,\"8\":22.6117456697,\"1\":29.1409731063,\"0\":37.6714342757,\"6\":48.6669037013,\"14\":62.8680634073,\"12\":81.2489822061,\"19\":104.7801036815,\"17\":135.2716749663,\"24\":174.7130773945,\"20\":225.5854170327,\"9\":291.6313193819,\"26\":376.8994630787,\"16\":486.9780202912,\"7\":628.6806939946,\"18\":811.6300018607,\"15\":1048.8757581365,\"21\":1354.5084871598,\"13\":1748.1262316029,\"10\":2260.0085258592,\"22\":2914.9280091674,\"25\":3770.1524027866,\"23\":4869.7803946593,\"27\":6277.1594471496},\"OmegaLog\":{\"5\":0.7984301136,\"11\":0.9124019271,\"2\":1.0289075196,\"3\":1.1409666921,\"4\":1.2453034256,\"8\":1.354334092,\"1\":1.4645040501,\"0\":1.5760121555,\"6\":1.6872337163,\"14\":1.7984300825,\"12\":1.9098179293,\"19\":2.0202788239,\"17\":2.1312068676,\"24\":2.2423254134,\"20\":2.3533110213,\"9\":2.4648341627,\"26\":2.5762255188,\"16\":2.6875093598,\"7\":2.7984301239,\"18\":2.9093580923,\"15\":3.020724048,\"21\":3.1317817306,\"13\":3.2425727897,\"10\":3.3541100775,\"22\":3.4646278333,\"25\":3.5763589063,\"23\":3.6875093769,\"27\":3.7977631604},\"FrequencyLog\":{\"5\":0.0002502452,\"11\":0.1142220587,\"2\":0.2307276512,\"3\":0.3427868237,\"4\":0.4471235573,\"8\":0.5561542236,\"1\":0.6663241817,\"0\":0.7778322872,\"6\":0.889053848,\"14\":1.0002502142,\"12\":1.111638061,\"19\":1.2220989555,\"17\":1.3330269992,\"24\":1.4441455451,\"20\":1.5551311529,\"9\":1.6666542943,\"26\":1.7780456504,\"16\":1.8893294915,\"7\":2.0002502556,\"18\":2.111178224,\"15\":2.2225441797,\"21\":2.3336018622,\"13\":2.4443929213,\"10\":2.5559302092,\"22\":2.666447965,\"25\":2.7781790379,\"23\":2.8893295086,\"27\":2.999583292},\"Selected\":{\"5\":0.0,\"11\":0.0,\"2\":0.0,\"3\":0.0,\"4\":0.0,\"8\":0.0,\"1\":0.0,\"0\":0.0,\"6\":0.0,\"14\":0.0,\"12\":0.0,\"19\":0.0,\"17\":0.0,\"24\":0.0,\"20\":0.0,\"9\":0.0,\"26\":0.0,\"16\":0.0,\"7\":0.0,\"18\":0.0,\"15\":0.0,\"21\":0.0,\"13\":0.0,\"10\":0.0,\"22\":0.0,\"25\":0.0,\"23\":0.0,\"27\":0.0}}", "state": 0, "sort_mode": 1}