{"was_saved": true, "relaxations": [{"previous": {"alpha": 0.047428225, "beta": 0.781468096, "tau": -3.375490129, "chiT": 0.142049039, "chiS": 0.035731285}, "current": {"alpha": 0.047428225, "beta": 0.781468096, "tau": -3.375490129, "chiT": 0.142049039, "chiS": 0.035731285}, "is_blocked": {"alpha": false, "beta": false, "tau": false, "chiT": true, "chiS": false}, "error": [12303.341376364362, 358554.6601201166, 34434.705043145084, 484252.5396453972, 0.31620471691235313], "current_error": [12303.341376364362, 358554.6601201166, 34434.705043145084, 484252.5396453972, 0.31620471691235313], "residual_error": 9.16881461053572e-09, "current_residual_error": 9.16881461053572e-09}, {"previous": {"alpha": 0.047423934, "beta": 0.781471169, "tau": -3.375530705, "chiT": 0.142228903, "chiS": 0.035731285}, "current": {"alpha": 0.047423934, "beta": 0.781471169, "tau": -3.375530705, "chiT": 0.142228903, "chiS": 0.035731285}, "is_blocked": {"alpha": false, "beta": false, "tau": false, "chiT": false, "chiS": true}, "error": [12292.35183357936, 358068.11546396784, 34382.84994772846, 484252.3713443271, 0.31591291783199754], "current_error": [12292.35183357936, 358068.11546396784, 34382.84994772846, 484252.3713443271, 0.31591291783199754], "residual_error": 9.16881461053572e-09, "current_residual_error": 9.16881461053572e-09}], "name": "T: 3.2K H: 800.0Oe ac_800aFitFrequency2Relaxations", "df": "{\"Temperature\":{\"8\":3.1998426914,\"5\":3.1999126673,\"3\":3.1999657154,\"2\":3.2000265121,\"7\":3.1998771429,\"4\":3.1999205351,\"6\":3.1999115944,\"1\":3.2000432014,\"0\":3.2000703812,\"21\":3.1994689703,\"23\":3.1994429827,\"25\":3.1993950605,\"14\":3.199586153,\"27\":3.1993380785,\"15\":3.1995661259,\"11\":3.1996510029,\"10\":3.1996767521,\"19\":3.1994946003,\"16\":3.1995387077,\"9\":3.1997113228,\"17\":3.1995068789,\"22\":3.1994633675,\"12\":3.1996413469,\"18\":3.1995031834,\"24\":3.1994146109,\"13\":3.1996014118,\"26\":3.199360013,\"20\":3.1994878054},\"MagneticField\":{\"8\":800.1201171875,\"5\":800.1201171875,\"3\":800.1201171875,\"2\":800.1201171875,\"7\":800.1201171875,\"4\":800.1201171875,\"6\":800.1201171875,\"1\":800.1201171875,\"0\":800.1201171875,\"21\":800.1201171875,\"23\":800.1201171875,\"25\":800.1201171875,\"14\":800.1201171875,\"27\":800.1201171875,\"15\":800.1201171875,\"11\":800.1201171875,\"10\":800.1201171875,\"19\":800.1201171875,\"16\":800.1201171875,\"9\":800.1201171875,\"17\":800.1201171875,\"22\":800.1201171875,\"12\":800.1201171875,\"18\":800.1201171875,\"24\":800.1201171875,\"13\":800.1201171875,\"26\":800.1201171875,\"20\":800.1201171875},\"ChiPrime\":{\"8\":0.000004339,\"5\":0.0000043113,\"3\":0.0000043426,\"2\":0.0000041625,\"7\":0.0000042925,\"4\":0.0000043077,\"6\":0.0000042743,\"1\":0.0000042239,\"0\":0.0000042858,\"21\":0.0000042906,\"23\":0.0000042978,\"25\":0.0000042744,\"14\":0.0000042734,\"27\":0.0000042653,\"15\":0.000004239,\"11\":0.0000042223,\"10\":0.0000041868,\"19\":0.000004146,\"16\":0.0000040838,\"9\":0.0000039811,\"17\":0.0000038258,\"22\":0.00000363,\"12\":0.0000033571,\"18\":0.0000030493,\"24\":0.0000027357,\"13\":0.0000024284,\"26\":0.0000021324,\"20\":0.0000017654},\"ChiBis\":{\"8\":0.0000000084,\"5\":-0.0000000492,\"3\":0.0000000299,\"2\":0.0000000797,\"7\":-0.0000000044,\"4\":0.0000000196,\"6\":0.000000027,\"1\":0.0000000271,\"0\":0.0000000591,\"21\":0.0000000937,\"23\":0.0000001108,\"25\":0.0000001412,\"14\":0.0000001815,\"27\":0.0000002237,\"15\":0.0000002735,\"11\":0.0000003528,\"10\":0.0000004437,\"19\":0.0000005615,\"16\":0.0000006961,\"9\":0.0000008476,\"17\":0.0000010096,\"22\":0.000001168,\"12\":0.0000013029,\"18\":0.0000013861,\"24\":0.0000014155,\"13\":0.0000013826,\"26\":0.000001313,\"20\":0.0000011454},\"Frequency\":{\"8\":1.0005763769,\"5\":1.3008345366,\"3\":1.7010914087,\"2\":2.2018454075,\"7\":2.7997777462,\"4\":3.5987710953,\"6\":4.6379299164,\"1\":5.9955949783,\"0\":7.745578289,\"21\":10.0057630539,\"23\":12.9311771393,\"25\":16.6762714386,\"14\":21.5291557312,\"27\":27.8064498901,\"15\":35.9030342102,\"11\":46.41456604,\"10\":59.9854125977,\"19\":77.5049591064,\"16\":100.0576400757,\"9\":129.1749267578,\"17\":166.9337615967,\"22\":215.5767211914,\"12\":278.2229309082,\"18\":359.6915283203,\"24\":463.925201416,\"13\":600.0383911133,\"26\":775.049621582,\"20\":999.0409545898},\"ChiPrimeMol\":{\"8\":0.3615855065,\"5\":0.3592761026,\"3\":0.3618848079,\"2\":0.3468774647,\"7\":0.357711145,\"4\":0.3589745784,\"6\":0.3561892166,\"1\":0.3519951132,\"0\":0.3571492372,\"21\":0.3575494279,\"23\":0.3581499931,\"25\":0.3561972021,\"14\":0.3561188636,\"27\":0.3554436539,\"15\":0.3532541549,\"11\":0.3518562008,\"10\":0.348903868,\"19\":0.3454973332,\"16\":0.3403159808,\"9\":0.331757652,\"17\":0.3188169691,\"22\":0.3024977126,\"12\":0.2797546146,\"18\":0.2541120632,\"24\":0.2279774063,\"13\":0.2023638413,\"26\":0.1777006781,\"20\":0.1471144722},\"ChiBisMol\":{\"8\":0.0007009474,\"5\":-0.0040974837,\"3\":0.0024938254,\"2\":0.006644446,\"7\":-0.0003650177,\"4\":0.0016338967,\"6\":0.0022511095,\"1\":0.0022607265,\"0\":0.0049237401,\"21\":0.0078068496,\"23\":0.0092327259,\"25\":0.0117659203,\"14\":0.0151273504,\"27\":0.0186439601,\"15\":0.0227951988,\"11\":0.0293995646,\"10\":0.0369729433,\"19\":0.0467916606,\"16\":0.0580052299,\"9\":0.0706309093,\"17\":0.0841314429,\"22\":0.0973364632,\"12\":0.1085782804,\"18\":0.1155057521,\"24\":0.1179549624,\"13\":0.1152195259,\"26\":0.1094168391,\"20\":0.0954538528},\"Omega\":{\"8\":6.2868067901,\"5\":8.1733844471,\"3\":10.6882725455,\"2\":13.834602713,\"7\":17.5915223983,\"4\":22.6117456697,\"6\":29.1409731063,\"1\":37.6714342757,\"0\":48.6669037013,\"21\":62.8680634073,\"23\":81.2489822061,\"25\":104.7801036815,\"14\":135.2716749663,\"27\":174.7130773945,\"15\":225.5854170327,\"11\":291.6313193819,\"10\":376.8994630787,\"19\":486.9780202912,\"16\":628.6806939946,\"9\":811.6300018607,\"17\":1048.8757581365,\"22\":1354.5084871598,\"12\":1748.1262316029,\"18\":2260.0085258592,\"24\":2914.9280091674,\"13\":3770.1524027866,\"26\":4869.7803946593,\"20\":6277.1594471496},\"OmegaLog\":{\"8\":0.7984301136,\"5\":0.9124019271,\"3\":1.0289075196,\"2\":1.1409666921,\"7\":1.2453034256,\"4\":1.354334092,\"6\":1.4645040501,\"1\":1.5760121555,\"0\":1.6872337163,\"21\":1.7984300825,\"23\":1.9098179293,\"25\":2.0202788239,\"14\":2.1312068676,\"27\":2.2423254134,\"15\":2.3533110213,\"11\":2.4648341627,\"10\":2.5762255188,\"19\":2.6875093598,\"16\":2.7984301239,\"9\":2.9093580923,\"17\":3.020724048,\"22\":3.1317817306,\"12\":3.2425727897,\"18\":3.3541100775,\"24\":3.4646278333,\"13\":3.5763589063,\"26\":3.6875093769,\"20\":3.7977631604},\"FrequencyLog\":{\"8\":0.0002502452,\"5\":0.1142220587,\"3\":0.2307276512,\"2\":0.3427868237,\"7\":0.4471235573,\"4\":0.5561542236,\"6\":0.6663241817,\"1\":0.7778322872,\"0\":0.889053848,\"21\":1.0002502142,\"23\":1.111638061,\"25\":1.2220989555,\"14\":1.3330269992,\"27\":1.4441455451,\"15\":1.5551311529,\"11\":1.6666542943,\"10\":1.7780456504,\"19\":1.8893294915,\"16\":2.0002502556,\"9\":2.111178224,\"17\":2.2225441797,\"22\":2.3336018622,\"12\":2.4443929213,\"18\":2.5559302092,\"24\":2.666447965,\"13\":2.7781790379,\"26\":2.8893295086,\"20\":2.999583292},\"Selected\":{\"8\":0.0,\"5\":0.0,\"3\":0.0,\"2\":0.0,\"7\":0.0,\"4\":0.0,\"6\":0.0,\"1\":0.0,\"0\":0.0,\"21\":0.0,\"23\":0.0,\"25\":0.0,\"14\":0.0,\"27\":0.0,\"15\":0.0,\"11\":0.0,\"10\":0.0,\"19\":0.0,\"16\":0.0,\"9\":0.0,\"17\":0.0,\"22\":0.0,\"12\":0.0,\"18\":0.0,\"24\":0.0,\"13\":0.0,\"26\":0.0,\"20\":0.0},\"Show\":{\"8\":1.0,\"5\":1.0,\"3\":1.0,\"2\":1.0,\"7\":1.0,\"4\":1.0,\"6\":1.0,\"1\":1.0,\"0\":1.0,\"21\":1.0,\"23\":1.0,\"25\":1.0,\"14\":1.0,\"27\":1.0,\"15\":1.0,\"11\":1.0,\"10\":1.0,\"19\":1.0,\"16\":1.0,\"9\":1.0,\"17\":1.0,\"22\":1.0,\"12\":1.0,\"18\":1.0,\"24\":1.0,\"13\":1.0,\"26\":1.0,\"20\":1.0}}", "state": 0, "temp": 3.2, "field": 800.0, "nr_of_relaxations": 2, "sort_mode": 1}