{"name": "T: 1.8K H: 800.0Oe ac_800a", "df": "{\"Temperature\":{\"0\":1.8005311489,\"11\":1.7997959852,\"5\":1.7999941111,\"4\":1.800054729,\"8\":1.7998523116,\"10\":1.7998130322,\"1\":1.8002854586,\"6\":1.7999873757,\"7\":1.7998987436,\"19\":1.7996909618,\"2\":1.8000966311,\"26\":1.7994211316,\"15\":1.7997345924,\"23\":1.7995917201,\"18\":1.7996920347,\"20\":1.7996569276,\"9\":1.7998336554,\"21\":1.7996107936,\"24\":1.7995406389,\"16\":1.7997277975,\"25\":1.7994922996,\"13\":1.7997615933,\"17\":1.7997120619,\"14\":1.7997387052,\"27\":1.7992616892,\"12\":1.799770534,\"3\":1.8000879884,\"22\":1.7996094227},\"MagneticField\":{\"0\":800.1074829102,\"11\":800.1074829102,\"5\":800.1074829102,\"4\":800.1074829102,\"8\":800.1074829102,\"10\":800.1074829102,\"1\":800.1074829102,\"6\":800.1074829102,\"7\":800.1074829102,\"19\":800.1074829102,\"2\":800.1074829102,\"26\":800.1074829102,\"15\":800.1074829102,\"23\":800.1074829102,\"18\":800.1074829102,\"20\":800.1074829102,\"9\":800.1074829102,\"21\":800.1074829102,\"24\":800.1074829102,\"16\":800.1074829102,\"25\":800.1074829102,\"13\":800.1074829102,\"17\":800.1074829102,\"14\":800.1074829102,\"27\":800.1074829102,\"12\":800.1074829102,\"3\":800.1074829102,\"22\":800.1074829102},\"ChiPrime\":{\"0\":0.0000074076,\"11\":0.0000076796,\"5\":0.0000075516,\"4\":0.0000075693,\"8\":0.0000075046,\"10\":0.0000073874,\"1\":0.0000073247,\"6\":0.0000072886,\"7\":0.0000072612,\"19\":0.0000072079,\"2\":0.000007086,\"26\":0.000006938,\"15\":0.0000067452,\"23\":0.0000064925,\"18\":0.0000061661,\"20\":0.000005783,\"9\":0.0000053545,\"21\":0.0000049308,\"24\":0.000004492,\"16\":0.0000040713,\"25\":0.0000036891,\"13\":0.0000033197,\"17\":0.0000029909,\"14\":0.0000026886,\"27\":0.0000024088,\"12\":0.0000021621,\"3\":0.0000019171,\"22\":0.0000016355},\"ChiBis\":{\"0\":0.0000001606,\"11\":0.0000001515,\"5\":0.0000002536,\"4\":0.0000002595,\"8\":0.0000003808,\"10\":0.0000004193,\"1\":0.0000004749,\"6\":0.000000584,\"7\":0.0000006754,\"19\":0.0000008382,\"2\":0.0000010032,\"26\":0.000001191,\"15\":0.0000013991,\"23\":0.0000016124,\"18\":0.0000017985,\"20\":0.0000019682,\"9\":0.0000020853,\"21\":0.0000021437,\"24\":0.0000021391,\"16\":0.0000020987,\"25\":0.0000020213,\"13\":0.0000019084,\"17\":0.0000017826,\"14\":0.0000016505,\"27\":0.0000015226,\"12\":0.0000013813,\"3\":0.0000012189,\"22\":0.0000010166},\"Frequency\":{\"0\":1.0005763769,\"11\":1.3008345366,\"5\":1.7010914087,\"4\":2.2018454075,\"8\":2.7997777462,\"10\":3.5987710953,\"1\":4.6379299164,\"6\":5.9955949783,\"7\":7.745578289,\"19\":10.0057630539,\"2\":12.9311771393,\"26\":16.6762714386,\"15\":21.5291557312,\"23\":27.8064498901,\"18\":35.9030342102,\"20\":46.41456604,\"9\":59.9854125977,\"21\":77.5049591064,\"24\":100.0576400757,\"16\":129.1749267578,\"25\":166.9337615967,\"13\":215.5767211914,\"17\":278.2229309082,\"14\":359.6915283203,\"27\":463.925201416,\"12\":600.0383911133,\"3\":775.049621582,\"22\":999.0409545898},\"ChiPrimeMol\":{\"0\":0.6173002543,\"11\":0.6399639098,\"5\":0.6292992485,\"4\":0.6307743922,\"8\":0.6253825027,\"10\":0.615617294,\"1\":0.6103896564,\"6\":0.6073868264,\"7\":0.6050983259,\"19\":0.6006584381,\"2\":0.5904963173,\"26\":0.5781692464,\"15\":0.5621033333,\"23\":0.541040591,\"18\":0.5138382039,\"20\":0.4819132814,\"9\":0.4462090332,\"21\":0.4109024388,\"24\":0.374337338,\"16\":0.3392779188,\"25\":0.3074284638,\"13\":0.2766420497,\"17\":0.2492393216,\"14\":0.2240478384,\"27\":0.2007329933,\"12\":0.1801708785,\"3\":0.1597595078,\"22\":0.1362933695},\"ChiBisMol\":{\"0\":0.0133857051,\"11\":0.0126229099,\"5\":0.0211370463,\"4\":0.0216258686,\"8\":0.0317373475,\"10\":0.0349429818,\"1\":0.0395790916,\"6\":0.0486671831,\"7\":0.0562819239,\"19\":0.0698534651,\"2\":0.0836029394,\"26\":0.0992530773,\"15\":0.1165926145,\"23\":0.134366427,\"18\":0.1498770895,\"20\":0.1640165811,\"9\":0.1737728196,\"21\":0.1786407442,\"24\":0.1782617798,\"16\":0.174892086,\"25\":0.1684396247,\"13\":0.1590361063,\"17\":0.1485498603,\"14\":0.1375388849,\"27\":0.1268827607,\"12\":0.1151120783,\"3\":0.1015775292,\"22\":0.0847198817},\"Omega\":{\"0\":6.2868067901,\"11\":8.1733844471,\"5\":10.6882725455,\"4\":13.834602713,\"8\":17.5915223983,\"10\":22.6117456697,\"1\":29.1409731063,\"6\":37.6714342757,\"7\":48.6669037013,\"19\":62.8680634073,\"2\":81.2489822061,\"26\":104.7801036815,\"15\":135.2716749663,\"23\":174.7130773945,\"18\":225.5854170327,\"20\":291.6313193819,\"9\":376.8994630787,\"21\":486.9780202912,\"24\":628.6806939946,\"16\":811.6300018607,\"25\":1048.8757581365,\"13\":1354.5084871598,\"17\":1748.1262316029,\"14\":2260.0085258592,\"27\":2914.9280091674,\"12\":3770.1524027866,\"3\":4869.7803946593,\"22\":6277.1594471496},\"OmegaLog\":{\"0\":0.7984301136,\"11\":0.9124019271,\"5\":1.0289075196,\"4\":1.1409666921,\"8\":1.2453034256,\"10\":1.354334092,\"1\":1.4645040501,\"6\":1.5760121555,\"7\":1.6872337163,\"19\":1.7984300825,\"2\":1.9098179293,\"26\":2.0202788239,\"15\":2.1312068676,\"23\":2.2423254134,\"18\":2.3533110213,\"20\":2.4648341627,\"9\":2.5762255188,\"21\":2.6875093598,\"24\":2.7984301239,\"16\":2.9093580923,\"25\":3.020724048,\"13\":3.1317817306,\"17\":3.2425727897,\"14\":3.3541100775,\"27\":3.4646278333,\"12\":3.5763589063,\"3\":3.6875093769,\"22\":3.7977631604},\"FrequencyLog\":{\"0\":0.0002502452,\"11\":0.1142220587,\"5\":0.2307276512,\"4\":0.3427868237,\"8\":0.4471235573,\"10\":0.5561542236,\"1\":0.6663241817,\"6\":0.7778322872,\"7\":0.889053848,\"19\":1.0002502142,\"2\":1.111638061,\"26\":1.2220989555,\"15\":1.3330269992,\"23\":1.4441455451,\"18\":1.5551311529,\"20\":1.6666542943,\"9\":1.7780456504,\"21\":1.8893294915,\"24\":2.0002502556,\"16\":2.111178224,\"25\":2.2225441797,\"13\":2.3336018622,\"17\":2.4443929213,\"14\":2.5559302092,\"27\":2.666447965,\"12\":2.7781790379,\"3\":2.8893295086,\"22\":2.999583292},\"Selected\":{\"0\":0.0,\"11\":0.0,\"5\":0.0,\"4\":0.0,\"8\":0.0,\"10\":0.0,\"1\":0.0,\"6\":0.0,\"7\":0.0,\"19\":0.0,\"2\":0.0,\"26\":0.0,\"15\":0.0,\"23\":0.0,\"18\":0.0,\"20\":0.0,\"9\":0.0,\"21\":0.0,\"24\":0.0,\"16\":0.0,\"25\":0.0,\"13\":0.0,\"17\":0.0,\"14\":0.0,\"27\":true,\"12\":true,\"3\":true,\"22\":true}}", "state": 2, "sort_mode": 1}