{"was_saved": true, "relaxations": [{"previous": {"alpha": 0.113859939, "beta": 0.796959738, "tau": -3.114435452, "chiT": 0.368442319, "chiS": 0.072144147}, "current": {"alpha": 0.113859939, "beta": 0.796959738, "tau": -3.114435452, "chiT": 0.368442319, "chiS": 0.072144147}, "is_blocked": {"alpha": false, "beta": false, "tau": false, "chiT": false, "chiS": false}, "error": [0.018119336970753765, 0.1460656150209404, 0.07421200512377209, 0.025890254899881643, 0.02591479740805496], "current_error": [0.018119336970753765, 0.1460656150209404, 0.07421200512377209, 0.025890254899881643, 0.02591479740805496], "residual_error": 5.593979821964776e-09, "current_residual_error": 5.593979821964776e-09}], "name": "T: 2.6K H: 800.0Oe ac_800aFitFrequency", "df": "{\"Temperature\":{\"11\":2.6000175476,\"10\":2.600028038,\"16\":2.5999462605,\"15\":2.5999484062,\"6\":2.6001039743,\"23\":2.5998128653,\"12\":2.6000119448,\"19\":2.5999023914,\"4\":2.6001133919,\"25\":2.5997943878,\"22\":2.5998290777,\"2\":2.6001346111,\"9\":2.6000415087,\"17\":2.5999262333,\"1\":2.6001573801,\"21\":2.5998514891,\"26\":2.5997444391,\"20\":2.599856019,\"27\":2.5997116566,\"7\":2.6000800133,\"8\":2.6000686884,\"14\":2.5999795198,\"3\":2.6001209021,\"13\":2.5999863148,\"18\":2.5999190807,\"24\":2.5998044014,\"5\":2.6001082659,\"0\":2.6002528667},\"MagneticField\":{\"11\":800.1074829102,\"10\":800.1074829102,\"16\":800.1074829102,\"15\":800.1074829102,\"6\":800.1074829102,\"23\":800.1074829102,\"12\":800.1074829102,\"19\":800.1074829102,\"4\":800.1074829102,\"25\":800.1074829102,\"22\":800.1074829102,\"2\":800.1074829102,\"9\":800.1074829102,\"17\":800.1074829102,\"1\":800.1074829102,\"21\":800.1074829102,\"26\":800.1074829102,\"20\":800.1074829102,\"27\":800.1074829102,\"7\":800.1074829102,\"8\":800.1074829102,\"14\":800.1074829102,\"3\":800.1074829102,\"13\":800.1074829102,\"18\":800.1074829102,\"24\":800.1074829102,\"5\":800.1074829102,\"0\":800.1074829102},\"ChiPrime\":{\"11\":0.0000052928,\"10\":0.0000052623,\"16\":0.0000052476,\"15\":0.0000053241,\"6\":0.0000052855,\"23\":0.0000053244,\"12\":0.0000052447,\"19\":0.0000051684,\"4\":0.0000052349,\"25\":0.0000052567,\"22\":0.0000052154,\"2\":0.0000052045,\"9\":0.0000051789,\"17\":0.0000051399,\"1\":0.0000050727,\"21\":0.0000049812,\"26\":0.0000048459,\"20\":0.0000046717,\"27\":0.0000044473,\"7\":0.0000041635,\"8\":0.0000038196,\"14\":0.0000034565,\"3\":0.0000030924,\"13\":0.0000027522,\"18\":0.0000024549,\"24\":0.0000021903,\"5\":0.0000019327,\"0\":0.0000016305},\"ChiBis\":{\"11\":0.0000000356,\"10\":-0.0000000364,\"16\":0.0000000319,\"15\":0.0000000417,\"6\":0.0000001583,\"23\":0.0000001054,\"12\":0.0000001308,\"19\":0.0000001723,\"4\":0.0000001793,\"25\":0.0000002049,\"22\":0.0000002791,\"2\":0.0000003459,\"9\":0.000000434,\"17\":0.0000005406,\"1\":0.0000006655,\"21\":0.0000008215,\"26\":0.0000009904,\"20\":0.0000011732,\"27\":0.0000013631,\"7\":0.0000015006,\"8\":0.0000016185,\"14\":0.0000016623,\"3\":0.0000016539,\"13\":0.0000015908,\"18\":0.0000015045,\"24\":0.0000013977,\"5\":0.0000012716,\"0\":0.0000010907},\"Frequency\":{\"11\":1.0005763769,\"10\":1.3008345366,\"16\":1.7010914087,\"15\":2.2018454075,\"6\":2.7997777462,\"23\":3.5987710953,\"12\":4.6379299164,\"19\":5.9955949783,\"4\":7.745578289,\"25\":10.0057630539,\"22\":12.9311771393,\"2\":16.6762714386,\"9\":21.5291557312,\"17\":27.8064498901,\"1\":35.9030342102,\"21\":46.41456604,\"26\":59.9854125977,\"20\":77.5049591064,\"27\":100.0576400757,\"7\":129.1749267578,\"8\":166.9337615967,\"14\":215.5767211914,\"3\":278.2229309082,\"13\":359.6915283203,\"18\":463.925201416,\"24\":600.0383911133,\"5\":775.049621582,\"0\":999.0409545898},\"ChiPrimeMol\":{\"11\":0.4410698584,\"10\":0.4385231081,\"16\":0.4372959191,\"15\":0.4436758035,\"6\":0.4404616388,\"23\":0.4436984446,\"12\":0.4370601968,\"19\":0.4306987085,\"4\":0.4362392966,\"25\":0.438060922,\"22\":0.4346150774,\"2\":0.4337111186,\"9\":0.4315765328,\"17\":0.4283257312,\"1\":0.4227238703,\"21\":0.4150983187,\"26\":0.4038280847,\"20\":0.3893102042,\"27\":0.3706076502,\"7\":0.3469605912,\"8\":0.3182974662,\"14\":0.2880376113,\"3\":0.2576995412,\"13\":0.2293501701,\"18\":0.2045755885,\"24\":0.1825240469,\"5\":0.1610554851,\"0\":0.135875826},\"ChiBisMol\":{\"11\":0.0029693123,\"10\":-0.0030344057,\"16\":0.0026567637,\"15\":0.0034735699,\"6\":0.0131952569,\"23\":0.00878579,\"12\":0.0108982342,\"19\":0.01436222,\"4\":0.0149447115,\"25\":0.0170753536,\"22\":0.0232622156,\"2\":0.0288263965,\"9\":0.0361636032,\"17\":0.0450458773,\"1\":0.0554594283,\"21\":0.0684570238,\"26\":0.0825358299,\"20\":0.0977689683,\"27\":0.1135922856,\"7\":0.1250508633,\"8\":0.1348773565,\"14\":0.1385258359,\"3\":0.1378269881,\"13\":0.1325641816,\"18\":0.1253765205,\"24\":0.1164778209,\"5\":0.1059668853,\"0\":0.0908958261},\"Omega\":{\"11\":6.2868067901,\"10\":8.1733844471,\"16\":10.6882725455,\"15\":13.834602713,\"6\":17.5915223983,\"23\":22.6117456697,\"12\":29.1409731063,\"19\":37.6714342757,\"4\":48.6669037013,\"25\":62.8680634073,\"22\":81.2489822061,\"2\":104.7801036815,\"9\":135.2716749663,\"17\":174.7130773945,\"1\":225.5854170327,\"21\":291.6313193819,\"26\":376.8994630787,\"20\":486.9780202912,\"27\":628.6806939946,\"7\":811.6300018607,\"8\":1048.8757581365,\"14\":1354.5084871598,\"3\":1748.1262316029,\"13\":2260.0085258592,\"18\":2914.9280091674,\"24\":3770.1524027866,\"5\":4869.7803946593,\"0\":6277.1594471496},\"OmegaLog\":{\"11\":0.7984301136,\"10\":0.9124019271,\"16\":1.0289075196,\"15\":1.1409666921,\"6\":1.2453034256,\"23\":1.354334092,\"12\":1.4645040501,\"19\":1.5760121555,\"4\":1.6872337163,\"25\":1.7984300825,\"22\":1.9098179293,\"2\":2.0202788239,\"9\":2.1312068676,\"17\":2.2423254134,\"1\":2.3533110213,\"21\":2.4648341627,\"26\":2.5762255188,\"20\":2.6875093598,\"27\":2.7984301239,\"7\":2.9093580923,\"8\":3.020724048,\"14\":3.1317817306,\"3\":3.2425727897,\"13\":3.3541100775,\"18\":3.4646278333,\"24\":3.5763589063,\"5\":3.6875093769,\"0\":3.7977631604},\"FrequencyLog\":{\"11\":0.0002502452,\"10\":0.1142220587,\"16\":0.2307276512,\"15\":0.3427868237,\"6\":0.4471235573,\"23\":0.5561542236,\"12\":0.6663241817,\"19\":0.7778322872,\"4\":0.889053848,\"25\":1.0002502142,\"22\":1.111638061,\"2\":1.2220989555,\"9\":1.3330269992,\"17\":1.4441455451,\"1\":1.5551311529,\"21\":1.6666542943,\"26\":1.7780456504,\"20\":1.8893294915,\"27\":2.0002502556,\"7\":2.111178224,\"8\":2.2225441797,\"14\":2.3336018622,\"3\":2.4443929213,\"13\":2.5559302092,\"18\":2.666447965,\"24\":2.7781790379,\"5\":2.8893295086,\"0\":2.999583292},\"Selected\":{\"11\":0.0,\"10\":0.0,\"16\":0.0,\"15\":0.0,\"6\":0.0,\"23\":0.0,\"12\":0.0,\"19\":0.0,\"4\":0.0,\"25\":0.0,\"22\":0.0,\"2\":0.0,\"9\":0.0,\"17\":0.0,\"1\":0.0,\"21\":0.0,\"26\":0.0,\"20\":0.0,\"27\":0.0,\"7\":0.0,\"8\":0.0,\"14\":0.0,\"3\":0.0,\"13\":0.0,\"18\":0.0,\"24\":0.0,\"5\":0.0,\"0\":0.0},\"Show\":{\"11\":1.0,\"10\":1.0,\"16\":1.0,\"15\":1.0,\"6\":1.0,\"23\":1.0,\"12\":1.0,\"19\":1.0,\"4\":1.0,\"25\":1.0,\"22\":1.0,\"2\":1.0,\"9\":1.0,\"17\":1.0,\"1\":1.0,\"21\":1.0,\"26\":1.0,\"20\":1.0,\"27\":1.0,\"7\":1.0,\"8\":1.0,\"14\":1.0,\"3\":1.0,\"13\":1.0,\"18\":1.0,\"24\":1.0,\"5\":1.0,\"0\":1.0}}", "state": 0, "temp": 2.6, "field": 800.0, "nr_of_relaxations": 1, "sort_mode": 1}