{"name": "T: 2.8K H: 800.0Oe ac_800a", "df": "{\"Temperature\":{\"9\":2.7998459339,\"7\":2.7999532223,\"4\":2.8000177145,\"3\":2.8000349998,\"0\":2.8001338243,\"8\":2.7999457121,\"5\":2.8000030518,\"2\":2.8000391722,\"6\":2.7999715805,\"18\":2.7995374203,\"13\":2.7995926142,\"16\":2.7995502949,\"23\":2.7994445562,\"26\":2.7993832827,\"15\":2.7995792627,\"25\":2.7993943691,\"22\":2.7994788885,\"27\":2.799380064,\"14\":2.7995830774,\"12\":2.7996345758,\"17\":2.7995409966,\"10\":2.7996985912,\"20\":2.7995096445,\"1\":2.8000910282,\"19\":2.7995113134,\"11\":2.7996544838,\"21\":2.7994809151,\"24\":2.799438715},\"MagneticField\":{\"9\":800.1201171875,\"7\":800.1201171875,\"4\":800.1201171875,\"3\":800.1201171875,\"0\":800.1201171875,\"8\":800.1201171875,\"5\":800.1201171875,\"2\":800.1201171875,\"6\":800.1201171875,\"18\":800.1201171875,\"13\":800.1201171875,\"16\":800.1201171875,\"23\":800.1201171875,\"26\":800.1201171875,\"15\":800.1201171875,\"25\":800.1201171875,\"22\":800.1201171875,\"27\":800.1201171875,\"14\":800.1201171875,\"12\":800.1201171875,\"17\":800.1201171875,\"10\":800.1201171875,\"20\":800.1201171875,\"1\":800.1201171875,\"19\":800.1201171875,\"11\":800.1201171875,\"21\":800.1201171875,\"24\":800.1201171875},\"ChiPrime\":{\"9\":0.0000048565,\"7\":0.0000048582,\"4\":0.0000049643,\"3\":0.0000049057,\"0\":0.0000048947,\"8\":0.0000048794,\"5\":0.0000048961,\"2\":0.0000048447,\"6\":0.0000048929,\"18\":0.000004878,\"13\":0.0000048766,\"16\":0.0000048659,\"23\":0.0000048552,\"26\":0.0000048188,\"15\":0.0000047784,\"25\":0.0000047084,\"22\":0.0000046286,\"27\":0.00000451,\"14\":0.0000043619,\"12\":0.000004137,\"17\":0.0000038684,\"10\":0.0000035412,\"20\":0.0000031783,\"1\":0.0000028327,\"19\":0.0000025337,\"11\":0.0000022322,\"21\":0.0000019558,\"24\":0.0000016548},\"ChiBis\":{\"9\":-0.0000000365,\"7\":0.000000048,\"4\":-0.0000000032,\"3\":-0.000000003,\"0\":-0.0000000116,\"8\":0.0000000583,\"5\":0.0000000822,\"2\":0.0000001129,\"6\":0.0000001228,\"18\":0.0000001619,\"13\":0.000000207,\"16\":0.0000002601,\"23\":0.0000003218,\"26\":0.0000004019,\"15\":0.0000005018,\"25\":0.000000622,\"22\":0.0000007679,\"27\":0.0000009324,\"14\":0.0000011097,\"12\":0.0000012838,\"17\":0.0000014386,\"10\":0.0000015364,\"20\":0.000001564,\"1\":0.0000015465,\"19\":0.0000015002,\"11\":0.0000013967,\"21\":0.0000012763,\"24\":0.0000011008},\"Frequency\":{\"9\":1.0005763769,\"7\":1.3008345366,\"4\":1.7010914087,\"3\":2.2018454075,\"0\":2.7997777462,\"8\":3.5987710953,\"5\":4.6379299164,\"2\":5.9955949783,\"6\":7.745578289,\"18\":10.0057630539,\"13\":12.9311771393,\"16\":16.6762714386,\"23\":21.5291557312,\"26\":27.8064498901,\"15\":35.9030342102,\"25\":46.41456604,\"22\":59.9854125977,\"27\":77.5049591064,\"14\":100.0576400757,\"12\":129.1749267578,\"17\":166.9337615967,\"10\":215.5767211914,\"20\":278.2229309082,\"1\":359.6915283203,\"19\":463.925201416,\"11\":600.0383911133,\"21\":775.049621582,\"24\":999.0409545898},\"ChiPrimeMol\":{\"9\":0.4047121488,\"7\":0.4048476738,\"4\":0.413695547,\"3\":0.4088094225,\"0\":0.4078900902,\"8\":0.4066201494,\"5\":0.4080082445,\"2\":0.4037244749,\"6\":0.4077378332,\"18\":0.4064989494,\"13\":0.4063862892,\"16\":0.4054928774,\"23\":0.404597946,\"26\":0.4015661666,\"15\":0.3981975267,\"25\":0.3923701195,\"22\":0.3857131908,\"27\":0.3758365129,\"14\":0.3634897181,\"12\":0.3447478477,\"17\":0.3223677388,\"10\":0.295102312,\"20\":0.2648585524,\"1\":0.2360620262,\"19\":0.2111386963,\"11\":0.1860155904,\"21\":0.1629864856,\"24\":0.1378994222},\"ChiBisMol\":{\"9\":-0.0030447529,\"7\":0.0039961989,\"4\":-0.0002632385,\"3\":-0.0002521749,\"0\":-0.0009680175,\"8\":0.0048553418,\"5\":0.0068481836,\"2\":0.0094098258,\"6\":0.0102303607,\"18\":0.0134953842,\"13\":0.0172519271,\"16\":0.0216730865,\"23\":0.0268160449,\"26\":0.0334919691,\"15\":0.0418185785,\"25\":0.0518342003,\"22\":0.0639901081,\"27\":0.0776999927,\"14\":0.0924713529,\"12\":0.1069792454,\"17\":0.1198839342,\"10\":0.1280351484,\"20\":0.1303371108,\"1\":0.1288761158,\"19\":0.1250143918,\"11\":0.1163919206,\"21\":0.1063608098,\"24\":0.0917299591},\"Omega\":{\"9\":6.2868067901,\"7\":8.1733844471,\"4\":10.6882725455,\"3\":13.834602713,\"0\":17.5915223983,\"8\":22.6117456697,\"5\":29.1409731063,\"2\":37.6714342757,\"6\":48.6669037013,\"18\":62.8680634073,\"13\":81.2489822061,\"16\":104.7801036815,\"23\":135.2716749663,\"26\":174.7130773945,\"15\":225.5854170327,\"25\":291.6313193819,\"22\":376.8994630787,\"27\":486.9780202912,\"14\":628.6806939946,\"12\":811.6300018607,\"17\":1048.8757581365,\"10\":1354.5084871598,\"20\":1748.1262316029,\"1\":2260.0085258592,\"19\":2914.9280091674,\"11\":3770.1524027866,\"21\":4869.7803946593,\"24\":6277.1594471496},\"OmegaLog\":{\"9\":0.7984301136,\"7\":0.9124019271,\"4\":1.0289075196,\"3\":1.1409666921,\"0\":1.2453034256,\"8\":1.354334092,\"5\":1.4645040501,\"2\":1.5760121555,\"6\":1.6872337163,\"18\":1.7984300825,\"13\":1.9098179293,\"16\":2.0202788239,\"23\":2.1312068676,\"26\":2.2423254134,\"15\":2.3533110213,\"25\":2.4648341627,\"22\":2.5762255188,\"27\":2.6875093598,\"14\":2.7984301239,\"12\":2.9093580923,\"17\":3.020724048,\"10\":3.1317817306,\"20\":3.2425727897,\"1\":3.3541100775,\"19\":3.4646278333,\"11\":3.5763589063,\"21\":3.6875093769,\"24\":3.7977631604},\"FrequencyLog\":{\"9\":0.0002502452,\"7\":0.1142220587,\"4\":0.2307276512,\"3\":0.3427868237,\"0\":0.4471235573,\"8\":0.5561542236,\"5\":0.6663241817,\"2\":0.7778322872,\"6\":0.889053848,\"18\":1.0002502142,\"13\":1.111638061,\"16\":1.2220989555,\"23\":1.3330269992,\"26\":1.4441455451,\"15\":1.5551311529,\"25\":1.6666542943,\"22\":1.7780456504,\"27\":1.8893294915,\"14\":2.0002502556,\"12\":2.111178224,\"17\":2.2225441797,\"10\":2.3336018622,\"20\":2.4443929213,\"1\":2.5559302092,\"19\":2.666447965,\"11\":2.7781790379,\"21\":2.8893295086,\"24\":2.999583292},\"Selected\":{\"9\":0,\"7\":0,\"4\":0,\"3\":0,\"0\":0,\"8\":0,\"5\":0,\"2\":0,\"6\":0,\"18\":0,\"13\":0,\"16\":0,\"23\":0,\"26\":0,\"15\":0,\"25\":0,\"22\":0,\"27\":0,\"14\":0,\"12\":0,\"17\":0,\"10\":0,\"20\":0,\"1\":0,\"19\":true,\"11\":true,\"21\":true,\"24\":true}}", "state": 0, "sort_mode": 1}